Point 1,Point 2,Pixel Distance,Real Distance (cm)
"(494, 319)","(489, 455)",136.09188072769072,2.092730834509829
